todo	artifact	kind	description
1	.omo/evidence/20260924-jev-w1/task-1-worktree.txt	artifact	Worktree proof: HEAD is jev/w1-a20f, merge-base --is-ancestor jev/foundation exits 0, plus the finding that a fresh worktree is fully clean and the 5 modified generated files are bun install build output
1	.omo/evidence/20260924-jev-w1/task-1-install.txt	artifact	bun install in the isolated jev/w1-a20f worktree, stdout+stderr with trailing exit= line, exit=0, 544 packages in 80s
1	.omo/evidence/20260924-jev-w1/task-1-canonical-baseline.txt	baseline	THE CANONICAL BASELINE. env -u OPENCODE_SERVER_PASSWORD bun test --timeout 20000, exit=1 with 12777 pass / 3 skip / 7 fail across 1678 files. F2 diffs against this, asserting no new failures rather than exit 0
1	.omo/evidence/20260924-jev-w1/task-1-canonical-baseline-failures.txt	baseline	Machine-diffable list of the 7 accepted pre-existing failures, one normalized test name per line, LC_ALL=C sorted, no counts or commentary, sha256 e58c7b4ab1d56299fd92dd3a115e1029d5bb81ff5aed86435e63e773af508011
1	.omo/evidence/20260924-jev-w1/task-1-canonical-baseline-duration.txt	artifact	Wall-clock duration of the canonical baseline, 121s (02:01), plus all three study-run durations for later wave budgeting
1	.omo/evidence/20260924-jev-w1/task-1-canonical-baseline-flake-analysis.txt	artifact	3-run stability study proving the 8th observed failure (pollForCompletion) is a 1-in-3 load flake that passes 6 of 6 isolated runs, and is therefore quarantined out of the failures file
1	.omo/evidence/20260924-jev-w1/task-1-baseline-policy.txt	artifact	Reviewer-facing statement of the amended gate: canonical command, why the ambient env var is excluded, the 7 accepted failures by root-cause class, the exact reproducible normalization command, and which gates stay hard exit-0
1	.omo/evidence/20260924-jev-w1/task-1-baseline-bun-test.txt	artifact	Contrast run WITH ambient OPENCODE_SERVER_PASSWORD present, exit=1 with 22 fail, the in-tree isolation proof that the 15-line delta versus canonical is entirely tmux argv fixtures
1	.omo/evidence/20260924-jev-w1/task-1-baseline-bun-test-duration.txt	artifact	Wall-clock duration of the env-polluted contrast run, 121s
1	.omo/evidence/20260924-jev-w1/task-1-baseline-bun-test-cleanenv.txt	baseline	Corroborating clean-env full-suite run captured before the move to the isolated worktree, independently showing the same 7 failures and no pollForCompletion entry
1	.omo/evidence/20260924-jev-w1/task-1-baseline-typecheck.txt	baseline	bun run typecheck across root, script, and all 28 workspace packages, exit=0. Remains a HARD exit-zero gate
1	.omo/evidence/20260924-jev-w1/task-1-test-fast.txt	qa	Happy-path QA scenario and HARD exit-zero gate: bun run test:fast, exit=0 with 317 pass / 0 fail across 31 files
1	.omo/evidence/20260924-jev-w1/task-1-notices-baseline.txt	baseline	Byte-comparable missing-heading list from check-third-party-notices.mjs, 4 entries, deliberately carries NO exit= line so F2 can diff it directly
1	.omo/evidence/20260924-jev-w1/task-1-notices-exit.txt	baseline	Exit status of check-third-party-notices.mjs in a separate file, exit=1, the known and expected baseline debt
1	.omo/evidence/20260924-jev-w1/task-1-redstop-analysis.txt	artifact	Original RED-STOP analysis that triggered the plan-mandated full stop, classifying all 22 env-polluted failures into env pollution, cross-file mock leak, and Bun 1.4.0 behavior change
1	.omo/evidence/20260924-jev-w1/task-1-manifest-selfcheck.txt	artifact	Self-verification that MANIFEST row 1 uses real tab characters and that every artifact listed here exists and is non-empty
2	.omo/evidence/20260924-jev-w1/task-2-schema-red.txt	red	Focused schema test RED: missing intent_routing defaults and absent rejection/refine behavior fail for the intended assertions before implementation
2	.omo/evidence/20260924-jev-w1/task-2-schema-green.txt	green	Focused schema test GREEN: 10 tests pass, covering dedicated defaults, apply-mode rejection, unchanged W4 shape, and strict timeout ordering
3	.omo/evidence/20260924-jev-w1/task-3-record-red.txt	red	Focused contract RED before implementation: assertion-level failures for the populated observation, counter snapshot, reader selection, and frozen continuation lexicon; no module-not-found failure
3	.omo/evidence/20260924-jev-w1/task-3-record-green.txt	green	Focused contract GREEN: 21 tests and 25 assertions pass for both union arms, strict malformed-input rejection, reader selection, and continuation cohort
3	.omo/evidence/20260924-jev-w1/task-3-guard-proof.txt	qa	Harness-neutrality negative proof: guard passes, detects the temporary forbidden OpenCode import, then passes after a byte-identical SHA256-confirmed revert
3	.omo/evidence/20260924-jev-w1/task-3-typecheck.txt	qa	Root bun run typecheck gate across root, scripts, and workspace packages exits 0
3	.omo/evidence/20260924-jev-w1/task-3-test-fast.txt	qa	Hard test-fast gate exits 0 with 342 passing tests across 32 files
3	.omo/evidence/20260924-jev-w1/task-3-adversarial-qa.txt	qa	Explicit malformed-input rejections, barrel import proof, RED chronology, dirty-worktree classification, scenario applicability, and diagnostics receipt
2	.omo/evidence/20260924-jev-w1/task-2-observe-only-reject.txt	qa	Exact failure-scenario command rejects observe_only=false with the not-yet-implemented apply-phase message
2	.omo/evidence/20260924-jev-w1/task-2-both-schemas.txt	artifact	Both schema generators exit 0, the omo asset changes after build:schema alone, and second-run no-index diffs prove idempotence
2	.omo/evidence/20260924-jev-w1/task-2-schema-diff.txt	artifact	Advisory full diff of both generated schema assets for the human-sensitive config touchpoint
2	.omo/evidence/20260924-jev-w1/task-2-adversarial-qa.txt	qa	All 21 malformed numeric and boolean cases reject observably, with applicability rulings for every adversarial scenario
2	.omo/evidence/20260924-jev-w1/task-2-typecheck.txt	qa	Repository typecheck across root, scripts, and workspace packages exits 0
2	.omo/evidence/20260924-jev-w1/task-2-test-fast.txt	qa	Hard test-fast gate exits 0 with 342 passing tests across 32 files
2	.omo/evidence/20260924-jev-w1/task-2-dirty-worktree.txt	artifact	Porcelain status classifies task-2 files, five known build outputs, concurrent peer TODO 3 files, and no unexpected paths
4	.omo/evidence/20260924-jev-w1/task-4-questions-red.txt	red	Focused assertion RED predates implementation and fails because buildIntentRoutingQuestions is absent from the jev-core barrel
4	.omo/evidence/20260924-jev-w1/task-4-questions-green.txt	green	Focused question-set GREEN passes 6 tests and 24 assertions for keys, none sentinels, labels, structured criteria, and invalid vocabulary
4	.omo/evidence/20260924-jev-w1/task-4-empty-vocab.txt	qa	Empty vocabulary failure scenario prints the named IntentRoutingVocabularyError and exits 0
4	.omo/evidence/20260924-jev-w1/task-4-typecheck.txt	qa	Repository typecheck across root, scripts, and workspace packages exits 0
4	.omo/evidence/20260924-jev-w1/task-4-test-fast.txt	qa	Hard test-fast gate exits 0 with 366 passing tests across 35 files
4	.omo/evidence/20260924-jev-w1/task-4-adversarial-qa.txt	qa	Malformed-input probes, barrel reachability, RED chronology, dirty-worktree classification, scenario applicability, and diagnostics receipt
6	.omo/evidence/20260924-jev-w1/task-6-normalization-red.txt	red	Focused assertion RED predates implementation and names requested_subagent_type precedence as the intended failing behavior
6	.omo/evidence/20260924-jev-w1/task-6-normalization-green.txt	green	Focused normalization GREEN covers rules (a) through (e), exhaustive route derivation, prediction coherence, and frozen vocabulary
6	.omo/evidence/20260924-jev-w1/task-6-resume-unscorable.txt	qa	Exact resume probe classifies a task_id-only call as unscorable_resume rather than none
6	.omo/evidence/20260924-jev-w1/task-6-drift-proof.txt	qa	Registry drift test is GREEN, fails naming temporarily removed hephaestus, then returns GREEN with matching before and after SHA256
6	.omo/evidence/20260924-jev-w1/task-6-typecheck.txt	qa	Repository typecheck across root, scripts, and workspace packages exits 0
6	.omo/evidence/20260924-jev-w1/task-6-test-fast.txt	qa	Hard test-fast gate exits 0 with 363 passing tests across 35 files
6	.omo/evidence/20260924-jev-w1/task-6-adversarial-qa.txt	qa	Malformed-input observables, stale-state proof, dirty-worktree receipt, barrel preservation, RED chronology, scenario rulings, and harness-neutrality guard
5	.omo/evidence/20260924-jev-w1/task-5-decide-red.txt	red	Focused assertion RED predates implementation and fails only because decideIntentRouting is absent while TODO 4 tests remain green
5	.omo/evidence/20260924-jev-w1/task-5-decide-green.txt	green	Focused final GREEN covers one-call four-question dispatch, threshold labels, invalid-choice accounting, unavailable and throwing backends, resolved model, and bounded state
5	.omo/evidence/20260924-jev-w1/task-5-throwing-backend.txt	qa	Rejecting backend proof passes expect(operation).not.toThrow and returns failed with transport_error
5	.omo/evidence/20260924-jev-w1/task-5-typecheck.txt	qa	Repository tsgo typecheck across root, scripts, and workspace packages exits 0 with no diagnostics
5	.omo/evidence/20260924-jev-w1/task-5-test-fast.txt	qa	Hard test-fast gate and focused shared-core extraction guard both exit 0
5	.omo/evidence/20260924-jev-w1/task-5-adversarial-qa.txt	qa	Malformed answer accounting, prompt-as-data isolation, RED chronology, dirty-worktree classification, barrel preservation, and scenario rulings
7	.omo/evidence/20260924-jev-w1/task-7-fixtures-red.txt	red	Focused fixture RED predates populated data and fails the intended minimum-count assertion with 0 fixtures
7	.omo/evidence/20260924-jev-w1/task-7-fixtures-green.txt	green	Focused fixture GREEN passes 11 tests covering all required classes, option vocabularies, no-delegation precision, multilingual prompts, and high ambiguity
7	.omo/evidence/20260924-jev-w1/task-7-bad-label-proof.txt	qa	Three-run bad-label proof passes cleanly, fails naming no-delegation-pure-question after mutation, and passes after a matching-sha256 revert
7	.omo/evidence/20260924-jev-w1/task-7-typecheck.txt	qa	Repository typecheck across root, scripts, and workspace packages exits 0
7	.omo/evidence/20260924-jev-w1/task-7-test-fast.txt	qa	Hard test-fast gate exits 0 with 381 passing tests across 36 files
7	.omo/evidence/20260924-jev-w1/task-7-adversarial-qa.txt	qa	Six malformed-input probes, inert prompt-data audit, dirty-worktree and barrel proof, RED chronology, scenario rulings, and harness-neutrality guard
8	.omo/evidence/20260924-jev-w1/task-8-accuracy-red.txt	red	Focused behavior RED fails on zero completed fixtures before the harness implementation while loading all 15 expected fixture ids
8	.omo/evidence/20260924-jev-w1/task-8-accuracy-mock.txt	green	Exact default-path command passes 6 tests, labels backend=mock and paidApi=false, scores all 15 fixtures, and proves networkCalls=0
8	.omo/evidence/20260924-jev-w1/task-8-ceiling-abort.txt	qa	Counter pre-set to 14 of the configured 15-call ceiling allows one dispatch then raises IntentRoutingCallCeilingError before a second backend call
8	.omo/evidence/20260924-jev-w1/task-8-accuracy-result.json	artifact	Complete mock accuracy artifact with per-question confusion matrices, all completed fixture ids, call ceiling, resolvedModel, and questionVersion
8	.omo/evidence/20260924-jev-w1/task-8-adversarial-qa.txt	qa	Direct dry-run zero-call proof, malformed/partial/stale-state probes, mock labelling, runtime bound, dirty-worktree classification, scenario rulings, and diagnostics receipt
8	.omo/evidence/20260924-jev-w1/task-8-typecheck.txt	qa	Repository tsgo typecheck across root, scripts, and every workspace package exits 0
8	.omo/evidence/20260924-jev-w1/task-8-test-fast.txt	qa	Hard test-fast gate exits 0 with 419 passing tests across 39 files, including the default zero-network accuracy harness
10	.omo/evidence/20260924-jev-w1/task-10-turnstore-red.txt	red	Focused behavioral RED predates implementation and all 21 cases fail on the explicit IntentRoutingTurnStoreNotImplementedError seam
10	.omo/evidence/20260924-jev-w1/task-10-turnstore-green.txt	green	Focused turn-store GREEN passes 22 tests and 80 assertions for per-session ordinal identity, two-tier reuse, lifecycle ordering, normalization, timeout, and bounded eviction
10	.omo/evidence/20260924-jev-w1/task-10-eviction-counter.txt	qa	Dedicated maxTurnsPerSession plus five stress case passes, asserting evictedCount equals 5, a counter_delta reaches 5, and only the three newest turns survive
10	.omo/evidence/20260924-jev-w1/task-10-typecheck.txt	qa	Repository tsgo typecheck across root, scripts, and every workspace package exits 0
10	.omo/evidence/20260924-jev-w1/task-10-test-fast.txt	qa	Hard test-fast gate exits 0 with 420 passing tests across 39 files
10	.omo/evidence/20260924-jev-w1/task-10-adversarial-qa.txt	qa	Stale-alias, malformed-input, cancellation, repeated interruption, hung prediction, prompt-data isolation, flake, RED chronology, and dirty-worktree probes
9	.omo/evidence/20260924-jev-w1/task-9-adapter-red.txt	red	Focused adapter RED predates implementation and fails because the intent-routing adapter module does not yet exist
9	.omo/evidence/20260924-jev-w1/task-9-adapter-green.txt	green	Focused adapter GREEN passes 11 tests covering fail-closed gates, nested logs, immutable snapshots, macrotask order, baseURL passthrough, bounded in-flight work, rejection safety, and synchronous p99
9	.omo/evidence/20260924-jev-w1/task-9-no-unhandled-rejection.txt	qa	Rejecting dispatcher probe registers process unhandledRejection, observes zero events, emits the failure log, and exits with one passing test
9	.omo/evidence/20260924-jev-w1/task-9-inflight-bounded.txt	qa	Never-resolving dispatcher with max_inflight one stays at one active dispatch and increments dispatchesDropped exactly three times
9	.omo/evidence/20260924-jev-w1/task-9-macrotask-ordering-proof.txt	qa	Negative control replaces the macrotask with queueMicrotask, fails the ordering assertion, and passes after a matching-SHA256 revert
9	.omo/evidence/20260924-jev-w1/task-9-typecheck.txt	qa	Repository tsgo typecheck across root, scripts, and every workspace package exits 0
9	.omo/evidence/20260924-jev-w1/task-9-test-fast.txt	qa	Hard test-fast gate exits 0 with 419 passing tests across 39 files, including the final adapter suite
9	.omo/evidence/20260924-jev-w1/task-9-adversarial-qa.txt	qa	Prompt-as-data isolation, malformed inputs, max_inflight one, hung dispatch, stale snapshot, RED chronology, dirty-worktree classification, and scenario rulings
